[{"model": "admin.logentry", "pk": 1, "fields": {"action_time": "2022-06-06T04:38:33.786Z", "user": 1, "content_type": 6, "object_id": "1", "object_repr": "Trees", "action_flag": 1, "change_message": "[{\"added\": {}}]"}}, {"model": "admin.logentry", "pk": 2, "fields": {"action_time": "2022-06-06T04:39:00.317Z", "user": 1, "content_type": 7, "object_id": "1", "object_repr": "Apple", "action_flag": 1, "change_message": "[{\"added\": {}}, {\"added\": {\"name\": \"Product Image\", \"object\": \"ProductImage object (1)\"}}]"}}, {"model": "admin.logentry", "pk": 3, "fields": {"action_time": "2022-06-06T04:39:10.728Z", "user": 1, "content_type": 7, "object_id": "1", "object_repr": "Apple", "action_flag": 2, "change_message": "[{\"changed\": {\"name\": \"Product Image\", \"object\": \"ProductImage object (1)\", \"fields\": [\"Is feature\"]}}]"}}, {"model": "admin.logentry", "pk": 4, "fields": {"action_time": "2022-06-06T04:40:46.841Z", "user": 1, "content_type": 7, "object_id": "2", "object_repr": "sliva", "action_flag": 1, "change_message": "[{\"added\": {}}, {\"added\": {\"name\": \"Product Image\", \"object\": \"ProductImage object (2)\"}}]"}}, {"model": "admin.logentry", "pk": 5, "fields": {"action_time": "2022-06-06T10:29:17.462Z", "user": 1, "content_type": 6, "object_id": "2", "object_repr": "Фруктові дерева", "action_flag": 1, "change_message": "[{\"added\": {}}]"}}, {"model": "admin.logentry", "pk": 6, "fields": {"action_time": "2022-06-06T10:29:49.819Z", "user": 1, "content_type": 6, "object_id": "3", "object_repr": "Ягоди", "action_flag": 1, "change_message": "[{\"added\": {}}]"}}, {"model": "admin.logentry", "pk": 7, "fields": {"action_time": "2022-06-06T10:30:04.187Z", "user": 1, "content_type": 6, "object_id": "4", "object_repr": "Горіхи", "action_flag": 1, "change_message": "[{\"added\": {}}]"}}, {"model": "admin.logentry", "pk": 8, "fields": {"action_time": "2022-06-06T10:30:25.493Z", "user": 1, "content_type": 6, "object_id": "5", "object_repr": "Екзотичні рослини", "action_flag": 1, "change_message": "[{\"added\": {}}]"}}, {"model": "admin.logentry", "pk": 9, "fields": {"action_time": "2022-06-06T10:30:59.707Z", "user": 1, "content_type": 6, "object_id": "6", "object_repr": "Цитрусові рослини", "action_flag": 1, "change_message": "[{\"added\": {}}]"}}, {"model": "admin.logentry", "pk": 10, "fields": {"action_time": "2022-06-06T10:31:20.370Z", "user": 1, "content_type": 6, "object_id": "7", "object_repr": "Декоративні культури", "action_flag": 1, "change_message": "[{\"added\": {}}]"}}, {"model": "admin.logentry", "pk": 11, "fields": {"action_time": "2022-06-06T10:31:58.275Z", "user": 1, "content_type": 6, "object_id": "8", "object_repr": "Хвойні рослини", "action_flag": 1, "change_message": "[{\"added\": {}}]"}}, {"model": "admin.logentry", "pk": 12, "fields": {"action_time": "2022-06-06T10:32:19.948Z", "user": 1, "content_type": 6, "object_id": "9", "object_repr": "Виноград", "action_flag": 1, "change_message": "[{\"added\": {}}]"}}, {"model": "admin.logentry", "pk": 13, "fields": {"action_time": "2022-06-06T10:33:44.736Z", "user": 1, "content_type": 6, "object_id": "1", "object_repr": "Trees", "action_flag": 3, "change_message": ""}}, {"model": "admin.logentry", "pk": 14, "fields": {"action_time": "2022-06-06T10:35:17.408Z", "user": 1, "content_type": 6, "object_id": "10", "object_repr": "Яблуня", "action_flag": 1, "change_message": "[{\"added\": {}}]"}}, {"model": "admin.logentry", "pk": 15, "fields": {"action_time": "2022-06-06T11:29:56.268Z", "user": 1, "content_type": 7, "object_id": "3", "object_repr": "Яблуня Голден Делішес", "action_flag": 1, "change_message": "[{\"added\": {}}, {\"added\": {\"name\": \"Product Image\", \"object\": \"ProductImage object (3)\"}}]"}}, {"model": "admin.logentry", "pk": 16, "fields": {"action_time": "2022-06-06T12:30:44.307Z", "user": 1, "content_type": 6, "object_id": "10", "object_repr": "Яблуня", "action_flag": 2, "change_message": "[]"}}, {"model": "admin.logentry", "pk": 17, "fields": {"action_time": "2022-06-06T16:53:53.876Z", "user": 1, "content_type": 11, "object_id": "9", "object_repr": "2022-06-06 10:14:59.851416+00:00", "action_flag": 3, "change_message": ""}}, {"model": "admin.logentry", "pk": 18, "fields": {"action_time": "2022-06-06T16:53:53.881Z", "user": 1, "content_type": 11, "object_id": "8", "object_repr": "2022-06-06 09:28:13.048543+00:00", "action_flag": 3, "change_message": ""}}, {"model": "admin.logentry", "pk": 19, "fields": {"action_time": "2022-06-06T16:53:53.884Z", "user": 1, "content_type": 11, "object_id": "7", "object_repr": "2022-06-06 08:35:52.226769+00:00", "action_flag": 3, "change_message": ""}}, {"model": "admin.logentry", "pk": 20, "fields": {"action_time": "2022-06-06T16:53:53.887Z", "user": 1, "content_type": 11, "object_id": "6", "object_repr": "2022-06-06 07:35:59.554644+00:00", "action_flag": 3, "change_message": ""}}, {"model": "admin.logentry", "pk": 21, "fields": {"action_time": "2022-06-06T16:53:53.891Z", "user": 1, "content_type": 11, "object_id": "5", "object_repr": "2022-06-06 07:25:08.882895+00:00", "action_flag": 3, "change_message": ""}}, {"model": "admin.logentry", "pk": 22, "fields": {"action_time": "2022-06-06T16:53:53.894Z", "user": 1, "content_type": 11, "object_id": "4", "object_repr": "2022-06-06 07:15:55.191031+00:00", "action_flag": 3, "change_message": ""}}, {"model": "admin.logentry", "pk": 23, "fields": {"action_time": "2022-06-06T16:53:53.897Z", "user": 1, "content_type": 11, "object_id": "3", "object_repr": "2022-06-06 07:09:12.064849+00:00", "action_flag": 3, "change_message": ""}}, {"model": "admin.logentry", "pk": 24, "fields": {"action_time": "2022-06-06T16:53:53.901Z", "user": 1, "content_type": 11, "object_id": "2", "object_repr": "2022-06-06 07:07:55.709454+00:00", "action_flag": 3, "change_message": ""}}, {"model": "admin.logentry", "pk": 25, "fields": {"action_time": "2022-06-06T16:53:53.905Z", "user": 1, "content_type": 11, "object_id": "1", "object_repr": "2022-06-06 07:03:51.290025+00:00", "action_flag": 3, "change_message": ""}}, {"model": "admin.logentry", "pk": 26, "fields": {"action_time": "2022-06-06T17:46:31.792Z", "user": 1, "content_type": 6, "object_id": "11", "object_repr": "Груша", "action_flag": 1, "change_message": "[{\"added\": {}}]"}}, {"model": "admin.logentry", "pk": 27, "fields": {"action_time": "2022-06-06T17:47:16.025Z", "user": 1, "content_type": 6, "object_id": "12", "object_repr": "Черешня", "action_flag": 1, "change_message": "[{\"added\": {}}]"}}, {"model": "admin.logentry", "pk": 28, "fields": {"action_time": "2022-06-06T17:48:36.730Z", "user": 1, "content_type": 6, "object_id": "13", "object_repr": "Квітучі", "action_flag": 1, "change_message": "[{\"added\": {}}]"}}, {"model": "admin.logentry", "pk": 29, "fields": {"action_time": "2022-06-06T17:49:44.967Z", "user": 1, "content_type": 7, "object_id": "4", "object_repr": "Лапчатка біла Абботсвуд", "action_flag": 1, "change_message": "[{\"added\": {}}, {\"added\": {\"name\": \"Product Image\", \"object\": \"ProductImage object (4)\"}}]"}}, {"model": "admin.logentry", "pk": 30, "fields": {"action_time": "2022-06-06T17:50:55.113Z", "user": 1, "content_type": 7, "object_id": "5", "object_repr": "Груша Родзинка Криму", "action_flag": 1, "change_message": "[{\"added\": {}}, {\"added\": {\"name\": \"Product Image\", \"object\": \"ProductImage object (5)\"}}]"}}, {"model": "admin.logentry", "pk": 31, "fields": {"action_time": "2022-06-06T17:51:59.036Z", "user": 1, "content_type": 7, "object_id": "6", "object_repr": "Черешня Мелітопольська Чорна", "action_flag": 1, "change_message": "[{\"added\": {}}, {\"added\": {\"name\": \"Product Image\", \"object\": \"ProductImage object (6)\"}}]"}}, {"model": "admin.logentry", "pk": 32, "fields": {"action_time": "2022-06-06T18:54:55.359Z", "user": 1, "content_type": 7, "object_id": "7", "object_repr": "Яблуня Ліберті", "action_flag": 1, "change_message": "[{\"added\": {}}, {\"added\": {\"name\": \"Product Image\", \"object\": \"ProductImage object (7)\"}}]"}}, {"model": "admin.logentry", "pk": 33, "fields": {"action_time": "2022-06-06T18:56:13.992Z", "user": 1, "content_type": 7, "object_id": "4", "object_repr": "Лапчатка біла Абботсвуд", "action_flag": 2, "change_message": "[{\"added\": {\"name\": \"Product Image\", \"object\": \"ProductImage object (8)\"}}, {\"changed\": {\"name\": \"Product Image\", \"object\": \"ProductImage object (4)\", \"fields\": [\"Is feature\"]}}]"}}, {"model": "admin.logentry", "pk": 34, "fields": {"action_time": "2022-06-06T18:56:55.913Z", "user": 1, "content_type": 7, "object_id": "4", "object_repr": "Лапчатка біла Абботсвуд", "action_flag": 2, "change_message": "[{\"changed\": {\"name\": \"Product Image\", \"object\": \"ProductImage object (4)\", \"fields\": [\"Image\", \"Is feature\"]}}, {\"changed\": {\"name\": \"Product Image\", \"object\": \"ProductImage object (8)\", \"fields\": [\"Is feature\"]}}]"}}, {"model": "auth.permission", "pk": 1, "fields": {"name": "Can add log entry", "content_type": 1, "codename": "add_logentry"}}, {"model": "auth.permission", "pk": 2, "fields": {"name": "Can change log entry", "content_type": 1, "codename": "change_logentry"}}, {"model": "auth.permission", "pk": 3, "fields": {"name": "Can delete log entry", "content_type": 1, "codename": "delete_logentry"}}, {"model": "auth.permission", "pk": 4, "fields": {"name": "Can view log entry", "content_type": 1, "codename": "view_logentry"}}, {"model": "auth.permission", "pk": 5, "fields": {"name": "Can add permission", "content_type": 2, "codename": "add_permission"}}, {"model": "auth.permission", "pk": 6, "fields": {"name": "Can change permission", "content_type": 2, "codename": "change_permission"}}, {"model": "auth.permission", "pk": 7, "fields": {"name": "Can delete permission", "content_type": 2, "codename": "delete_permission"}}, {"model": "auth.permission", "pk": 8, "fields": {"name": "Can view permission", "content_type": 2, "codename": "view_permission"}}, {"model": "auth.permission", "pk": 9, "fields": {"name": "Can add group", "content_type": 3, "codename": "add_group"}}, {"model": "auth.permission", "pk": 10, "fields": {"name": "Can change group", "content_type": 3, "codename": "change_group"}}, {"model": "auth.permission", "pk": 11, "fields": {"name": "Can delete group", "content_type": 3, "codename": "delete_group"}}, {"model": "auth.permission", "pk": 12, "fields": {"name": "Can view group", "content_type": 3, "codename": "view_group"}}, {"model": "auth.permission", "pk": 13, "fields": {"name": "Can add content type", "content_type": 4, "codename": "add_contenttype"}}, {"model": "auth.permission", "pk": 14, "fields": {"name": "Can change content type", "content_type": 4, "codename": "change_contenttype"}}, {"model": "auth.permission", "pk": 15, "fields": {"name": "Can delete content type", "content_type": 4, "codename": "delete_contenttype"}}, {"model": "auth.permission", "pk": 16, "fields": {"name": "Can view content type", "content_type": 4, "codename": "view_contenttype"}}, {"model": "auth.permission", "pk": 17, "fields": {"name": "Can add session", "content_type": 5, "codename": "add_session"}}, {"model": "auth.permission", "pk": 18, "fields": {"name": "Can change session", "content_type": 5, "codename": "change_session"}}, {"model": "auth.permission", "pk": 19, "fields": {"name": "Can delete session", "content_type": 5, "codename": "delete_session"}}, {"model": "auth.permission", "pk": 20, "fields": {"name": "Can view session", "content_type": 5, "codename": "view_session"}}, {"model": "auth.permission", "pk": 21, "fields": {"name": "Can add Category", "content_type": 6, "codename": "add_category"}}, {"model": "auth.permission", "pk": 22, "fields": {"name": "Can change Category", "content_type": 6, "codename": "change_category"}}, {"model": "auth.permission", "pk": 23, "fields": {"name": "Can delete Category", "content_type": 6, "codename": "delete_category"}}, {"model": "auth.permission", "pk": 24, "fields": {"name": "Can view Category", "content_type": 6, "codename": "view_category"}}, {"model": "auth.permission", "pk": 25, "fields": {"name": "Can add Product", "content_type": 7, "codename": "add_product"}}, {"model": "auth.permission", "pk": 26, "fields": {"name": "Can change Product", "content_type": 7, "codename": "change_product"}}, {"model": "auth.permission", "pk": 27, "fields": {"name": "Can delete Product", "content_type": 7, "codename": "delete_product"}}, {"model": "auth.permission", "pk": 28, "fields": {"name": "Can view Product", "content_type": 7, "codename": "view_product"}}, {"model": "auth.permission", "pk": 29, "fields": {"name": "Can add Product Image", "content_type": 8, "codename": "add_productimage"}}, {"model": "auth.permission", "pk": 30, "fields": {"name": "Can change Product Image", "content_type": 8, "codename": "change_productimage"}}, {"model": "auth.permission", "pk": 31, "fields": {"name": "Can delete Product Image", "content_type": 8, "codename": "delete_productimage"}}, {"model": "auth.permission", "pk": 32, "fields": {"name": "Can view Product Image", "content_type": 8, "codename": "view_productimage"}}, {"model": "auth.permission", "pk": 33, "fields": {"name": "Can add Accounts", "content_type": 9, "codename": "add_customer"}}, {"model": "auth.permission", "pk": 34, "fields": {"name": "Can change Accounts", "content_type": 9, "codename": "change_customer"}}, {"model": "auth.permission", "pk": 35, "fields": {"name": "Can delete Accounts", "content_type": 9, "codename": "delete_customer"}}, {"model": "auth.permission", "pk": 36, "fields": {"name": "Can view Accounts", "content_type": 9, "codename": "view_customer"}}, {"model": "auth.permission", "pk": 37, "fields": {"name": "Can add Address", "content_type": 10, "codename": "add_address"}}, {"model": "auth.permission", "pk": 38, "fields": {"name": "Can change Address", "content_type": 10, "codename": "change_address"}}, {"model": "auth.permission", "pk": 39, "fields": {"name": "Can delete Address", "content_type": 10, "codename": "delete_address"}}, {"model": "auth.permission", "pk": 40, "fields": {"name": "Can view Address", "content_type": 10, "codename": "view_address"}}, {"model": "auth.permission", "pk": 41, "fields": {"name": "Can add order", "content_type": 11, "codename": "add_order"}}, {"model": "auth.permission", "pk": 42, "fields": {"name": "Can change order", "content_type": 11, "codename": "change_order"}}, {"model": "auth.permission", "pk": 43, "fields": {"name": "Can delete order", "content_type": 11, "codename": "delete_order"}}, {"model": "auth.permission", "pk": 44, "fields": {"name": "Can view order", "content_type": 11, "codename": "view_order"}}, {"model": "auth.permission", "pk": 45, "fields": {"name": "Can add order item", "content_type": 12, "codename": "add_orderitem"}}, {"model": "auth.permission", "pk": 46, "fields": {"name": "Can change order item", "content_type": 12, "codename": "change_orderitem"}}, {"model": "auth.permission", "pk": 47, "fields": {"name": "Can delete order item", "content_type": 12, "codename": "delete_orderitem"}}, {"model": "auth.permission", "pk": 48, "fields": {"name": "Can view order item", "content_type": 12, "codename": "view_orderitem"}}, {"model": "auth.permission", "pk": 49, "fields": {"name": "Can add Delivery Option", "content_type": 13, "codename": "add_deliveryoptions"}}, {"model": "auth.permission", "pk": 50, "fields": {"name": "Can change Delivery Option", "content_type": 13, "codename": "change_deliveryoptions"}}, {"model": "auth.permission", "pk": 51, "fields": {"name": "Can delete Delivery Option", "content_type": 13, "codename": "delete_deliveryoptions"}}, {"model": "auth.permission", "pk": 52, "fields": {"name": "Can view Delivery Option", "content_type": 13, "codename": "view_deliveryoptions"}}, {"model": "auth.permission", "pk": 53, "fields": {"name": "Can add Payment Selection", "content_type": 14, "codename": "add_paymentselections"}}, {"model": "auth.permission", "pk": 54, "fields": {"name": "Can change Payment Selection", "content_type": 14, "codename": "change_paymentselections"}}, {"model": "auth.permission", "pk": 55, "fields": {"name": "Can delete Payment Selection", "content_type": 14, "codename": "delete_paymentselections"}}, {"model": "auth.permission", "pk": 56, "fields": {"name": "Can view Payment Selection", "content_type": 14, "codename": "view_paymentselections"}}, {"model": "contenttypes.contenttype", "pk": 1, "fields": {"app_label": "admin", "model": "logentry"}}, {"model": "contenttypes.contenttype", "pk": 2, "fields": {"app_label": "auth", "model": "permission"}}, {"model": "contenttypes.contenttype", "pk": 3, "fields": {"app_label": "auth", "model": "group"}}, {"model": "contenttypes.contenttype", "pk": 4, "fields": {"app_label": "contenttypes", "model": "contenttype"}}, {"model": "contenttypes.contenttype", "pk": 5, "fields": {"app_label": "sessions", "model": "session"}}, {"model": "contenttypes.contenttype", "pk": 6, "fields": {"app_label": "store", "model": "category"}}, {"model": "contenttypes.contenttype", "pk": 7, "fields": {"app_label": "store", "model": "product"}}, {"model": "contenttypes.contenttype", "pk": 8, "fields": {"app_label": "store", "model": "productimage"}}, {"model": "contenttypes.contenttype", "pk": 9, "fields": {"app_label": "account", "model": "customer"}}, {"model": "contenttypes.contenttype", "pk": 10, "fields": {"app_label": "account", "model": "address"}}, {"model": "contenttypes.contenttype", "pk": 11, "fields": {"app_label": "orders", "model": "order"}}, {"model": "contenttypes.contenttype", "pk": 12, "fields": {"app_label": "orders", "model": "orderitem"}}, {"model": "contenttypes.contenttype", "pk": 13, "fields": {"app_label": "checkout", "model": "deliveryoptions"}}, {"model": "contenttypes.contenttype", "pk": 14, "fields": {"app_label": "checkout", "model": "paymentselections"}}, {"model": "sessions.session", "pk": "ea6yeutfan9prkfbb8iwcfiyidhxpj8j", "fields": {"session_data": ".eJxVjEEOgyAQRe8y64bUqSC47L5nMMMwFGuDieDKePfWxI3b_977G3gqk1Tot_0GA601DWuRZRgD9NDAZfPEk-QDhA_l96x4znUZvToUddKiXnOQ7_N0LweJSvrXHRpxtjPaRW8e5B3HeyRDWhphx4HQhpYFDQfNrUVnPSG6RiOh0W2E_QfU3zxh:1nydT0:VKSMD8Nc3SYtDzqZNHCU9stmjHmHE8Kwlt0jLgEQzFo", "expire_date": "2022-06-21T17:58:10.380Z"}}, {"model": "sessions.session", "pk": "rciqq4k68ayu43csgg71ksboi1ux60g5", "fields": {"session_data": "eyJiYXNrZXQiOnt9fQ:1nye8o:8zt1osHXoG1wFE3c-upir2XcHZR-2_o_hGUtU-pC7XY", "expire_date": "2022-06-21T18:41:22.160Z"}}, {"model": "store.category", "pk": 2, "fields": {"name": "Фруктові дерева", "slug": "fruit-trees", "parent": null, "lft": 1, "rght": 8, "tree_id": 2, "level": 0}}, {"model": "store.category", "pk": 3, "fields": {"name": "Ягоди", "slug": "berries", "parent": null, "lft": 1, "rght": 2, "tree_id": 3, "level": 0}}, {"model": "store.category", "pk": 4, "fields": {"name": "Горіхи", "slug": "nuts", "parent": null, "lft": 1, "rght": 2, "tree_id": 4, "level": 0}}, {"model": "store.category", "pk": 5, "fields": {"name": "Екзотичні рослини", "slug": "exotic-plants", "parent": null, "lft": 1, "rght": 2, "tree_id": 5, "level": 0}}, {"model": "store.category", "pk": 6, "fields": {"name": "Цитрусові рослини", "slug": "citrus-plants", "parent": null, "lft": 1, "rght": 2, "tree_id": 6, "level": 0}}, {"model": "store.category", "pk": 7, "fields": {"name": "Декоративні культури", "slug": "decor-plants", "parent": null, "lft": 1, "rght": 4, "tree_id": 7, "level": 0}}, {"model": "store.category", "pk": 8, "fields": {"name": "Хвойні рослини", "slug": "conifers", "parent": null, "lft": 1, "rght": 2, "tree_id": 8, "level": 0}}, {"model": "store.category", "pk": 9, "fields": {"name": "Виноград", "slug": "grape", "parent": null, "lft": 1, "rght": 2, "tree_id": 9, "level": 0}}, {"model": "store.category", "pk": 10, "fields": {"name": "Яблуня", "slug": "apple", "parent": 2, "lft": 2, "rght": 3, "tree_id": 2, "level": 1}}, {"model": "store.category", "pk": 11, "fields": {"name": "Груша", "slug": "pear", "parent": 2, "lft": 4, "rght": 5, "tree_id": 2, "level": 1}}, {"model": "store.category", "pk": 12, "fields": {"name": "Черешня", "slug": "wild-cherry", "parent": 2, "lft": 6, "rght": 7, "tree_id": 2, "level": 1}}, {"model": "store.category", "pk": 13, "fields": {"name": "Квітучі", "slug": "flowering", "parent": 7, "lft": 2, "rght": 3, "tree_id": 7, "level": 1}}, {"model": "store.product", "pk": 3, "fields": {"category": 10, "title": "Яблуня Голден Делішес", "description": "Яблуня Голден Делішес (Золоте чудове) відноситься до американських сортам пізньоосіннього, а то і зовсім зимового терміну дозрівання. Дерево відноситься до категорії среднерослих. Також потрібно сказати про те, що дерева Голден Делішес починають процес плодоношення на другий або третій рік після здійснення окулірування на підщепах слаборослого типу. Середня вага може досягати 170 г. Форма яблук - округло-конічна, до того ж вони точені і мають щільну, суху шкірку. За звичайний термін знімання яблук прийнято вважати кінець першого осіннього місяця, тобто вересень. Зберігаються плоди, як правило, до розпалу весни (кінець березня - квітень). Особливість даного сорту ще й в тому, що він є самобесплодним. А це означає, що необхідна умова для продовження роду Голден Делішес - це наявність запилювачів. Практика показала, що найкращими з них є такі: Джонатан, Вагнера Призове, Кубань і Делішес Спур.", "slug": "apple-golden-delicious", "regular_price": "90.00", "discount_price": "79.00", "is_active": true, "created_at": "2022-06-06T11:29:56.265Z", "updated_at": "2022-06-06T11:29:56.265Z"}}, {"model": "store.product", "pk": 4, "fields": {"category": 13, "title": "Лапчатка біла Абботсвуд", "description": "Лапчатка біла Абботсвуд – компактний кущ із округлою формою, квітучий невеликими, але численними білими квітками. Листя зелене, що складається з 5 ланцетно-яйцевидних листочків, до 3 см завдовжки. Сорт відрізняється рясним та тривалим цвітінням з травня по жовтень.\r\n\r\nВикористовується в одиночних та групових посадках, для створення квітучих живоплотів та бордюрів, деревно-чагарникових груп, узлісся, у рокаріях та композиціях із трав'янистими рослинами. Рекомендується також для озеленення міських дворів, дитячих майданчиків, куточків відпочинку, шкільних садів, палісадників біля під'їздів житлових будинків, садів при медичних закладах.", "slug": "lapchatka-bila-abbotsvud", "regular_price": "110.00", "discount_price": "90.00", "is_active": true, "created_at": "2022-06-06T17:49:44.962Z", "updated_at": "2022-06-06T18:56:55.909Z"}}, {"model": "store.product", "pk": 5, "fields": {"category": 11, "title": "Груша Родзинка Криму", "description": "Груша Родзинка Криму - осінній сорт груші. Дерево середньоросле 3-3,5 м. Плодоношення починається на 3-5 рік. Плоди округло грушоподібної форми, середньою масою 240 - 350 гр, зелено-жовтого забарвлення з карміновим рум'янцем на сонячній стороні. М'якоть масляниста, світло-кремова, соковита, ароматна, приємного солодкого смаку. Транспортабельність висока, зберігання тривале, до 4 місяців в холодильниках. Морозостійкість висока, придатна для вирощування в усіх регіонах України. Стійкість до основних захворювань середня. Груша Родзинка Криму вирощується на сонячних ділянках, найкраще підходять суглинні, родючі грунти, потребує регулярного, помірного поливу особливо в літню пору, під час плодоношення. Обов'язкова щорічна санітарна обрізка (кронування) дерев.", "slug": "pear-rodzinka-krimu", "regular_price": "115.00", "discount_price": "110.00", "is_active": true, "created_at": "2022-06-06T17:50:55.110Z", "updated_at": "2022-06-06T17:50:55.110Z"}}, {"model": "store.product", "pk": 6, "fields": {"category": 12, "title": "Черешня Мелітопольська Чорна", "description": "Черешня Мелітопольська Чорна відрізняється стабільною, високою врожайністю, зимостійкістю, стійкістю до моніліозу, високою життєздатністю дерев. Це середньопізній сорт черешні селекції Інституту зрошуваного садівництва УААН. Дерево велике, швидко-зростаюче, формує широкоовальну, підняту, густу крону. У плодоношення вступає на 4-й рік. Плоди досить великі (6-8 г), одномірні, округло-овальні. Плодоніжка середня, легко відділяється від гілки, відрив від плода сухий. Шкірочка тонка, міцна, темно-червона, майже чорна, блискуча, від м'якоті відділяється добре. М'якоть темно-червона, соковита, солодка, з приємною кислинкою. Дозрівають плоди в середині червня, транспортабельні, універсального використання: споживаються свіжими, але цінуються перш за все як чудовий сировинної сорт. Найкращі запилювачі: Дайбера Чорна, Франц Йосиф, Бігарро Оратовського, Курортна, Космічна, Сюрприз.", "slug": "chereshnya-melit-chorna", "regular_price": "125.00", "discount_price": "115.00", "is_active": true, "created_at": "2022-06-06T17:51:59.029Z", "updated_at": "2022-06-06T17:51:59.029Z"}}, {"model": "store.product", "pk": 7, "fields": {"category": 10, "title": "Яблуня Ліберті", "description": "Ліберті, в перекладі Свобода. Автори сорту вибрали цю назву тому, що сорт є комплексно-стійким проти цілого списку грибкових захворювань і звільняє садівників від нескінченних профілактичних обприскувань. Стійкий проти моніліального опіку, іржі, парші та борошнистої роси. Зимостійкість: гарна. Колір плоду: основне забарвлення жовте, покривне - глибокий і темний красно-смугастий рум'янець різної густоти, що покриває плід на 90%. Пізньостиглий зимовий сорт, дозріває на початку жовтня, зберігається до квітня. Плід середній 120-150 гр.", "slug": "apple-liberty", "regular_price": "72.00", "discount_price": "70.50", "is_active": true, "created_at": "2022-06-06T18:54:55.355Z", "updated_at": "2022-06-06T18:54:55.355Z"}}, {"model": "store.productimage", "pk": 3, "fields": {"product": 3, "image": "images/c49f61ce-fd41-11e8-9104-e0eb49fdb531.jpg", "alt_text": null, "is_feature": true, "created_at": "2022-06-06T11:29:56.268Z", "updated_at": "2022-06-06T11:29:56.268Z"}}, {"model": "store.productimage", "pk": 4, "fields": {"product": 4, "image": "images/dfdeee8a-7875-11ec-887a-c599512df6aa_cqTDz4p.jpg", "alt_text": null, "is_feature": true, "created_at": "2022-06-06T17:49:44.966Z", "updated_at": "2022-06-06T18:56:55.912Z"}}, {"model": "store.productimage", "pk": 5, "fields": {"product": 5, "image": "images/04951cf1-3846-11ea-99d5-9ad4867ba484.jpeg", "alt_text": null, "is_feature": true, "created_at": "2022-06-06T17:50:55.113Z", "updated_at": "2022-06-06T17:50:55.113Z"}}, {"model": "store.productimage", "pk": 6, "fields": {"product": 6, "image": "images/84ca1eae-174a-11ea-aea7-ce0487015985.jpg", "alt_text": null, "is_feature": true, "created_at": "2022-06-06T17:51:59.035Z", "updated_at": "2022-06-06T17:51:59.035Z"}}, {"model": "store.productimage", "pk": 7, "fields": {"product": 7, "image": "images/2129d9a0-17c2-11e8-8057-dffb95904c6c.jpg", "alt_text": null, "is_feature": true, "created_at": "2022-06-06T18:54:55.359Z", "updated_at": "2022-06-06T18:54:55.359Z"}}, {"model": "store.productimage", "pk": 8, "fields": {"product": 4, "image": "images/dfdeee8a-7875-11ec-887a-c599512df6aa_guKALIE.jpg", "alt_text": null, "is_feature": false, "created_at": "2022-06-06T18:56:13.991Z", "updated_at": "2022-06-06T18:56:55.913Z"}}, {"model": "account.customer", "pk": 1, "fields": {"password": "pbkdf2_sha256$320000$wxH283C3hPSiHPoNemzuCJ$PZZB98FHMoieQi0Wpez6UEcgV8Nf9UOFILrlYxrfavg=", "last_login": "2022-06-07T17:58:10.369Z", "is_superuser": true, "email": "admin@gmail.com", "user_name": "admin", "is_active": true, "is_staff": true, "created": "2022-06-06T04:16:19.418Z", "updated": "2022-06-06T04:16:19.418Z", "groups": [], "user_permissions": []}}, {"model": "orders.order", "pk": 10, "fields": {"user": 1, "first_name": "Oleh", "surname": "Noname", "email": "oleg.anischenko18@gmail.com", "city": "Яблонец", "phone": "0954980622", "warehouse": "Пункт приема-выдачи (до 30 кг): ул. Героев Украины, 61а", "created": "2022-06-06T17:53:25.357Z", "updated": "2022-06-06T17:53:25.357Z", "total_paid": "445.00", "payment_option": "COD", "billing_status": true}}, {"model": "orders.order", "pk": 11, "fields": {"user": 1, "first_name": "Дарина", "surname": "Ващенко", "email": "dari@gmail.com", "city": "Сумы", "phone": "0988218706", "warehouse": "Отделение №8 (до 30 кг): просп. Михаила Лушпы, 13", "created": "2022-06-06T18:23:35.478Z", "updated": "2022-06-06T18:23:35.478Z", "total_paid": "445.00", "payment_option": "COD", "billing_status": true}}, {"model": "orders.order", "pk": 12, "fields": {"user": 1, "first_name": "Олег", "surname": "Аніщенко", "email": "oleg.anischenko18@gmail.com", "city": "Харьков", "phone": "0954980622", "warehouse": "Отделение №14, просп. Героев Харькова (ран. Московский), 199б (ТЦ СанСити, 2)", "created": "2022-06-06T18:24:31.853Z", "updated": "2022-06-06T18:24:31.853Z", "total_paid": "110.00", "payment_option": "COD", "billing_status": true}}, {"model": "orders.order", "pk": 13, "fields": {"user": 1, "first_name": "Oleh", "surname": "Noname", "email": "oleg.anischenko18@gmail.com", "city": "Сумы", "phone": "0954980622", "warehouse": "Отделение №6 (до 30 кг на одно место): ул. Воскресенская, 13а", "created": "2022-06-06T19:08:34.662Z", "updated": "2022-06-06T19:08:34.662Z", "total_paid": "197.00", "payment_option": "COD", "billing_status": true}}, {"model": "orders.order", "pk": 14, "fields": {"user": 1, "first_name": "Oleh", "surname": "Anishchenko", "email": "rich14son@gmail.com", "city": "Сумы", "phone": "0988218706", "warehouse": "Отделение №19 (до 30 кг): просп. Курский, 111", "created": "2022-06-06T19:11:27.450Z", "updated": "2022-06-06T19:11:27.450Z", "total_paid": "335.00", "payment_option": "COD", "billing_status": true}}, {"model": "orders.order", "pk": 15, "fields": {"user": 1, "first_name": "Oleh", "surname": "Noname", "email": "oleg.anischenko18@gmail.com", "city": "Полтава", "phone": "0954980622", "warehouse": "Почтомат \"Новая Почта\" №25344: Харьковское шоссе, 2 (Магазин АТЛ)", "created": "2022-06-07T09:09:42.153Z", "updated": "2022-06-07T09:09:42.153Z", "total_paid": "115.00", "payment_option": "COD", "billing_status": true}}, {"model": "orders.orderitem", "pk": 12, "fields": {"order": 10, "product": 3, "price": "90.00", "quantity": 1}}, {"model": "orders.orderitem", "pk": 13, "fields": {"order": 10, "product": 5, "price": "115.00", "quantity": 2}}, {"model": "orders.orderitem", "pk": 14, "fields": {"order": 10, "product": 6, "price": "125.00", "quantity": 1}}, {"model": "orders.orderitem", "pk": 15, "fields": {"order": 11, "product": 4, "price": "110.00", "quantity": 3}}, {"model": "orders.orderitem", "pk": 16, "fields": {"order": 11, "product": 5, "price": "115.00", "quantity": 1}}, {"model": "orders.orderitem", "pk": 17, "fields": {"order": 12, "product": 4, "price": "110.00", "quantity": 1}}, {"model": "orders.orderitem", "pk": 18, "fields": {"order": 13, "product": 7, "price": "72.00", "quantity": 1}}, {"model": "orders.orderitem", "pk": 19, "fields": {"order": 13, "product": 6, "price": "125.00", "quantity": 1}}, {"model": "orders.orderitem", "pk": 20, "fields": {"order": 14, "product": 5, "price": "115.00", "quantity": 1}}, {"model": "orders.orderitem", "pk": 21, "fields": {"order": 14, "product": 4, "price": "110.00", "quantity": 2}}, {"model": "orders.orderitem", "pk": 22, "fields": {"order": 15, "product": 5, "price": "115.00", "quantity": 1}}]